{"loss": [0.5688227415084839, 0.6508591175079346, 0.5482714772224426, 0.47759681940078735, 0.4554364085197449, 0.41131946444511414, 0.4679605960845947, 0.5141978859901428, 0.5805274248123169, 0.4912773668766022, 0.4463900625705719, 0.4945102632045746, 0.44029882550239563, 0.4995696246623993, 0.42895743250846863, 0.44883790612220764, 0.372779905796051, 0.5337622761726379, 0.3519826829433441, 0.34824493527412415, 0.41321396827697754, 0.445059210062027, 0.36260098218917847, 0.3580203950405121, 0.40104666352272034, 0.3535713255405426, 0.3833794891834259, 0.3913796842098236, 0.35733941197395325, 0.29906708002090454], "acc": [0.8223938345909119, 0.8050193190574646, 0.8262548446655273, 0.8416988253593445, 0.8397683501243591, 0.8667953610420227, 0.8416988253593445, 0.8127413392066956, 0.8223938345909119, 0.8397683501243591, 0.8552123308181763, 0.8590733408927917, 0.8532818555831909, 0.8339768052101135, 0.8590733408927917, 0.8552123308181763, 0.8725868463516235, 0.8320463299751282, 0.8918918967247009, 0.8745173811912537, 0.8783783912658691, 0.8571428656578064, 0.8918918967247009, 0.8803088665008545, 0.8571428656578064, 0.8725868463516235, 0.8803088665008545, 0.876447856426239, 0.8803088665008545, 0.8938223719596863], "f1_score_m": [0.8059969544410706, 0.7366926074028015, 0.7898239493370056, 0.8293828368186951, 0.827690064907074, 0.855217695236206, 0.8342276215553284, 0.788736879825592, 0.7873480319976807, 0.8241774439811707, 0.847179114818573, 0.8534479141235352, 0.8502054810523987, 0.8378753662109375, 0.8415987491607666, 0.8292083144187927, 0.8677285313606262, 0.8114253282546997, 0.8875720500946045, 0.8620523810386658, 0.8736629486083984, 0.8535063862800598, 0.8851016163825989, 0.8699977993965149, 0.8554978966712952, 0.8709253668785095, 0.8831179141998291, 0.8599119782447815, 0.8728319406509399, 0.8962978720664978], "precision_m": [0.7513203620910645, 0.6533371210098267, 0.7247080206871033, 0.7653061151504517, 0.7808393239974976, 0.807176411151886, 0.7948939204216003, 0.7188849449157715, 0.7208828330039978, 0.7796749472618103, 0.8077036738395691, 0.8282525539398193, 0.8090786337852478, 0.7941043376922607, 0.8101618885993958, 0.7684183120727539, 0.8344700932502747, 0.7589448094367981, 0.8506938219070435, 0.8370178937911987, 0.8474061489105225, 0.8142829537391663, 0.8598141074180603, 0.8535614609718323, 0.8233699798583984, 0.8330981135368347, 0.8578119277954102, 0.8257481455802917, 0.8422073721885681, 0.8666905760765076], "recall_m": [0.8718434572219849, 0.8491162061691284, 0.8712121248245239, 0.9090909361839294, 0.881944477558136, 0.9116161465644836, 0.8806818127632141, 0.8781565427780151, 0.8705808520317078, 0.876893937587738, 0.8926767706871033, 0.8825757503509521, 0.8977272510528564, 0.8907827734947205, 0.8781565427780151, 0.9059343338012695, 0.9065656661987305, 0.876893937587738, 0.9299242496490479, 0.8907828330993652, 0.9034090638160706, 0.8989898562431335, 0.9147727489471436, 0.8882575631141663, 0.8926767706871033, 0.9147727489471436, 0.9109848737716675, 0.8996211886405945, 0.9078282713890076, 0.9299242496490479], "val_loss": [2.3491451740264893, 2.060215711593628, 1.0388083457946777, 1.1068580150604248, 1.3846869468688965, 0.9202231764793396, 2.5133249759674072, 1.510050654411316, 2.4856104850769043, 0.753826379776001, 1.320393443107605, 3.5538125038146973, 0.5984629988670349, 0.43360042572021484, 0.6595593690872192, 0.9593942761421204, 0.38789182901382446, 1.1016120910644531, 0.736026406288147, 1.0275064706802368, 0.8414377570152283, 1.8345345258712769, 0.5266925096511841, 1.6037429571151733, 0.9277350306510925, 0.3307878375053406, 0.32593682408332825, 0.5268523693084717, 0.48960137367248535, 0.608031690120697], "val_acc": [0.4384615421295166, 0.692307710647583, 0.7846153974533081, 0.7538461685180664, 0.7692307829856873, 0.8307692408561707, 0.607692301273346, 0.6692307591438293, 0.36153846979141235, 0.7923076748847961, 0.7307692170143127, 0.42307692766189575, 0.807692289352417, 0.8692307472229004, 0.7923076748847961, 0.7230769395828247, 0.8999999761581421, 0.6692307591438293, 0.7846153974533081, 0.7538461685180664, 0.7538461685180664, 0.6153846383094788, 0.8692307472229004, 0.6538461446762085, 0.6846153736114502, 0.8846153616905212, 0.8846153616905212, 0.8538461327552795, 0.8538461327552795, 0.7692307829856873], "val_f1_score_m": [0.580657958984375, 0.7029404640197754, 0.6799397468566895, 0.6487492322921753, 0.7861494421958923, 0.8345092535018921, 0.5465548038482666, 0.6494004130363464, 0.48301151394844055, 0.7928283214569092, 0.7494428753852844, 0.4337293803691864, 0.7812932729721069, 0.8069432973861694, 0.7722405195236206, 0.6758461594581604, 0.8905957341194153, 0.689041793346405, 0.7560704946517944, 0.675193727016449, 0.7674494981765747, 0.6621978878974915, 0.880913496017456, 0.6376621723175049, 0.6908616423606873, 0.8687639236450195, 0.8565623760223389, 0.8604589104652405, 0.8568825125694275, 0.7815344929695129], "val_precision_m": [0.5002483129501343, 0.6281396150588989, 0.5878934860229492, 0.590299129486084, 0.7442356944084167, 0.8165849447250366, 0.5008504986763, 0.6179102659225464, 0.4212178885936737, 0.7909414172172546, 0.7363380789756775, 0.4139433801174164, 0.7656136751174927, 0.7436456084251404, 0.7308794856071472, 0.6395971775054932, 0.8671453595161438, 0.6342971324920654, 0.7389252185821533, 0.646289587020874, 0.7012163400650024, 0.6403322815895081, 0.85523921251297, 0.6069046854972839, 0.6093397736549377, 0.8191386461257935, 0.8037750720977783, 0.8175477385520935, 0.8167831897735596, 0.7244114875793457], "val_recall_m": [0.6944444179534912, 0.8055555820465088, 0.8125, 0.7222222089767456, 0.8402777910232544, 0.8541666865348816, 0.6041666865348816, 0.6875, 0.5694444179534912, 0.8194444179534912, 0.7638888955116272, 0.4583333432674408, 0.7986111044883728, 0.8958333134651184, 0.8194444179534912, 0.7222222089767456, 0.9166666865348816, 0.7638888955116272, 0.7777777910232544, 0.7083333134651184, 0.8541666865348816, 0.6875, 0.9097222089767456, 0.6736111044883728, 0.8055555820465088, 0.9305555820465088, 0.9236111044883728, 0.9097222089767456, 0.9027777910232544, 0.8541666865348816]}