{"loss": [0.7020114660263062, 0.5187436938285828, 0.42775481939315796, 0.3894052803516388, 0.3799193203449249, 0.32264626026153564, 0.25339579582214355, 0.2799767255783081, 0.3429916203022003, 0.2551864981651306, 0.28174489736557007, 0.23958739638328552, 0.23820729553699493, 0.20003929734230042, 0.19892843067646027, 0.17931149899959564, 0.18945294618606567, 0.14324674010276794, 0.1782696545124054, 0.16841626167297363, 0.24013791978359222, 0.20548661053180695, 0.19270475208759308, 0.18788716197013855, 0.16529910266399384, 0.17700140178203583, 0.18542124330997467, 0.1678161770105362, 0.17710450291633606, 0.13637451827526093], "acc": [0.6756756901741028, 0.7731660008430481, 0.8001930713653564, 0.8320463299751282, 0.8465250730514526, 0.86583012342453, 0.8976833820343018, 0.8938223719596863, 0.8600386381149292, 0.8909266591072083, 0.8967181444168091, 0.9025096297264099, 0.9054054021835327, 0.9169884324073792, 0.9218146800994873, 0.9353281855583191, 0.9218146800994873, 0.94305020570755, 0.9324324131011963, 0.9362934231758118, 0.9208494424819946, 0.9208494424819946, 0.9247104525566101, 0.9247104525566101, 0.9420849680900574, 0.9247104525566101, 0.9285714030265808, 0.9382239580154419, 0.9362934231758118, 0.9594594836235046], "f1_score_m": [0.652712881565094, 0.77839195728302, 0.8110414743423462, 0.8371911644935608, 0.855263888835907, 0.8674315214157104, 0.90276700258255, 0.8946313261985779, 0.8606810569763184, 0.8927234411239624, 0.8937817215919495, 0.9042208790779114, 0.9078007340431213, 0.9171319603919983, 0.9252569079399109, 0.938793957233429, 0.918710470199585, 0.9449040293693542, 0.9333241581916809, 0.9358549118041992, 0.9205174446105957, 0.9210667610168457, 0.9253941774368286, 0.9227926731109619, 0.9418706297874451, 0.9231019020080566, 0.9308376312255859, 0.9394952654838562, 0.936953604221344, 0.9578491449356079], "precision_m": [0.6957696080207825, 0.7668663263320923, 0.7902159690856934, 0.8427327871322632, 0.8476932644844055, 0.8710387945175171, 0.892593502998352, 0.8828867077827454, 0.8685455918312073, 0.8963301777839661, 0.9062821269035339, 0.8885276317596436, 0.9000504612922668, 0.9155869483947754, 0.9160717725753784, 0.925338089466095, 0.9331939220428467, 0.9447487592697144, 0.9440823793411255, 0.9392914772033691, 0.9165298938751221, 0.9154052138328552, 0.9133135080337524, 0.9087939262390137, 0.9405546188354492, 0.9444589018821716, 0.9233782291412354, 0.9259501695632935, 0.941670298576355, 0.9528159499168396], "recall_m": [0.6511831879615784, 0.8097953200340271, 0.8602692484855652, 0.8492175340652466, 0.8828034400939941, 0.8748475313186646, 0.9211850762367249, 0.9170899987220764, 0.8664503693580627, 0.8994913101196289, 0.8918585777282715, 0.9272706508636475, 0.9266326427459717, 0.9259320497512817, 0.9404627084732056, 0.9605679512023926, 0.9125814437866211, 0.9487326145172119, 0.9300834536552429, 0.9360834956169128, 0.9310571551322937, 0.9350357055664062, 0.944866955280304, 0.9488356113433838, 0.9501129388809204, 0.9083501100540161, 0.9494369029998779, 0.9594969749450684, 0.9374945163726807, 0.9670618772506714], "val_loss": [0.7861344218254089, 0.6927715539932251, 0.8769105672836304, 0.8781837821006775, 1.7418216466903687, 0.6072520613670349, 0.5072007775306702, 1.1713356971740723, 2.1803579330444336, 0.8329796195030212, 0.5751734375953674, 1.2185940742492676, 0.43542104959487915, 0.7118103504180908, 0.9152166843414307, 0.5064544081687927, 0.31704822182655334, 0.38353589177131653, 1.338606357574463, 2.1563448905944824, 1.8898520469665527, 2.2023370265960693, 0.6760843992233276, 0.6591529250144958, 0.6038786768913269, 0.7442044019699097, 0.5052614212036133, 0.6063404083251953, 0.4688658118247986, 0.6058731079101562], "val_acc": [0.5153846144676208, 0.5307692289352417, 0.6230769157409668, 0.699999988079071, 0.692307710647583, 0.7576923370361328, 0.7884615659713745, 0.6346153616905212, 0.75, 0.6769230961799622, 0.7461538314819336, 0.7153846025466919, 0.807692289352417, 0.800000011920929, 0.6730769276618958, 0.8153846263885498, 0.8615384697914124, 0.8846153616905212, 0.6230769157409668, 0.642307698726654, 0.5615384578704834, 0.6576923131942749, 0.8153846263885498, 0.7807692289352417, 0.807692289352417, 0.7769230604171753, 0.8038461804389954, 0.8423076868057251, 0.8384615182876587, 0.8269230723381042], "val_f1_score_m": [0.6809704303741455, 0.685128927230835, 0.7420006990432739, 0.7369846105575562, 0.588976263999939, 0.6262457966804504, 0.7675365805625916, 0.43329620361328125, 0.6767410635948181, 0.6066470146179199, 0.7657884955406189, 0.7724679708480835, 0.7572265863418579, 0.7480334043502808, 0.5001060366630554, 0.810962975025177, 0.8310161828994751, 0.8737136721611023, 0.3202214539051056, 0.373173326253891, 0.18281053006649017, 0.4579503834247589, 0.8137680292129517, 0.6554545760154724, 0.8013606071472168, 0.7768760323524475, 0.7573850154876709, 0.8355291485786438, 0.8324596881866455, 0.8259824514389038], "val_precision_m": [0.5232601761817932, 0.5321983098983765, 0.6037894487380981, 0.7047113180160522, 0.7612313628196716, 0.779629647731781, 0.8423331379890442, 0.9129630327224731, 0.8713805079460144, 0.8560846447944641, 0.7250199317932129, 0.6490755081176758, 0.9189513325691223, 0.9001010060310364, 0.9074074625968933, 0.8724053502082825, 0.8931351900100708, 0.8629348874092102, 0.8611111044883728, 0.8148148059844971, 0.7777777910232544, 0.7231041193008423, 0.8582625985145569, 0.798625111579895, 0.839674711227417, 0.6485768556594849, 0.7913896441459656, 0.9251620173454285, 0.8756749629974365, 0.8826793432235718], "val_recall_m": [1.0, 1.0, 1.0, 0.7919661998748779, 0.4966014325618744, 0.5274778008460999, 0.7155066132545471, 0.28612127900123596, 0.573124885559082, 0.4901553690433502, 0.8320017457008362, 0.9663984775543213, 0.6552063822746277, 0.6523447632789612, 0.3659144937992096, 0.7654393911361694, 0.7811872959136963, 0.904261589050293, 0.20275896787643433, 0.24965500831604004, 0.10908560454845428, 0.345798134803772, 0.7791715860366821, 0.5702317357063293, 0.7764210104942322, 1.0, 0.7753163576126099, 0.777673065662384, 0.7959756255149841, 0.7838369607925415]}